id,name,email,addr,tel
1,Randee,rtheis0@quantcast.com,688 Goodland Way,217-225-0476
2,Guthrie,ghuyge1@comsenz.com,3 Moulton Place,572-595-0572
3,Alaric,abrothwood2@so-net.ne.jp,3523 Elmside Trail,921-256-3431
4,Jason,jwerndley3@amazon.co.uk,3558 Troy Drive,340-818-4774
5,Raddie,rcapozzi4@webs.com,76681 Eagan Pass,183-257-6241
6,Fenelia,fshelley5@tinypic.com,0831 Ryan Point,167-644-0693
7,Paulie,pmeagher6@wunderground.com,26 Warbler Park,546-115-1411
8,Dieter,dbruhke7@patch.com,7 Sachs Drive,421-776-1716
9,Nicolea,npearcey8@quantcast.com,4791 Judy Park,809-244-6350
10,Livvyy,lgostridge9@flickr.com,31 Westend Crossing,467-844-1739
11,Marylin,mstilesa@springer.com,19 Chive Hill,290-516-6896
12,Eustace,ejobbingb@cbslocal.com,31876 Ludington Alley,121-124-3373
13,Maurita,mreynoldsc@nps.gov,841 Boyd Park,244-614-9639
14,Caroljean,cbolderod@reddit.com,13743 Blackbird Way,536-530-0996
15,Bridgette,blanfranconie@buzzfeed.com,42 Rusk Plaza,766-694-4085
16,Shea,sstathersf@usa.gov,37190 Buell Trail,388-125-9938
17,Turner,thuggong@ocn.ne.jp,2746 Randy Terrace,460-277-8967
18,Packston,pgilmourh@weibo.com,5 Sunbrook Trail,731-676-0702
19,Ediva,ejeevesi@utexas.edu,0158 Sugar Way,302-400-0524
20,Wilbur,wdytej@businessweek.com,28 Brown Terrace,948-505-9050
21,Jasmine,jlargenk@salon.com,53434 Birchwood Pass,110-530-9645
22,Nicoli,nkenninghanl@un.org,774 Del Mar Center,431-485-4659
23,Pooh,pjohananoffm@mtv.com,40 Barnett Parkway,697-146-8419
24,Mozelle,mchelsomn@lulu.com,676 Porter Parkway,643-282-6081
25,Amory,agoshawkeo@unblog.fr,50 Portage Way,341-973-7943
26,Emylee,egelsthorpep@china.com.cn,6659 Express Point,665-311-6102
27,Nickola,nbarckq@hugedomains.com,2 Merry Avenue,970-693-7786
28,Boyd,bspenleyr@booking.com,4257 7th Trail,330-231-2232
29,Bengt,bdurs@sciencedirect.com,2342 Tony Street,214-132-5448
30,Bart,bfellibrandt@phpbb.com,33432 Chive Junction,833-405-0689
31,Sherill,sbullocku@webs.com,68 Coleman Hill,981-899-5324
32,Mahmoud,mrapseyv@twitpic.com,6345 Thompson Avenue,902-787-2241
33,Denna,dcristoforettiw@gravatar.com,4 Parkside Place,946-917-0530
34,Amata,abellardx@go.com,589 Petterle Road,137-380-8834
35,Tallulah,tlekeuxy@timesonline.co.uk,6 Union Way,452-790-6423
36,Thornton,tlicciardiz@cnet.com,895 School Crossing,865-474-5295
37,Selig,sboise10@ft.com,11 Maple Wood Junction,917-405-1368
38,Nanete,ngaineofengland11@is.gd,222 Emmet Alley,282-857-9447
39,Janenna,jkellar12@reuters.com,78822 Anzinger Avenue,442-661-1165
40,Cordie,cwindross13@dot.gov,4949 Fairview Junction,906-920-4045
41,Klarika,kgarretson14@imageshack.us,90 Sunbrook Parkway,755-284-6670
42,Tris,tarrundale15@time.com,46 Old Shore Place,125-257-4661
43,Bertie,bgrinston16@tmall.com,4 Moulton Hill,292-739-8292
44,Catarina,celegood17@google.fr,75 Ruskin Trail,269-794-1531
45,Lothario,lwannop18@google.com.br,670 Old Gate Alley,517-754-2580
46,Terencio,tishak19@miitbeian.gov.cn,5717 Sommers Terrace,272-425-0128
47,Winthrop,wdimmne1a@bigcartel.com,977 Stone Corner Road,231-433-3880
48,Elberta,esemor1b@google.fr,1032 Jenna Way,111-206-8385
49,Bryce,bgarner1c@scientificamerican.com,396 Hoard Hill,249-598-5353
50,Mord,mjozaitis1d@unesco.org,87376 Haas Drive,507-929-4742
51,Lewes,ljurs1e@prlog.org,815 Superior Avenue,557-494-8904
52,Eloise,ebedinham1f@telegraph.co.uk,41523 Carey Crossing,999-971-2084
53,Frasier,fcastellucci1g@sphinn.com,9 Ramsey Terrace,968-316-8804
54,Lawry,lbannard1h@eventbrite.com,970 Bartelt Park,860-904-6699
55,Linnet,lnowick1i@oakley.com,6 Kennedy Alley,970-290-1174
56,Cross,cgiacovazzo1j@chronoengine.com,840 Anniversary Crossing,665-899-9458
57,Lynn,llaurencot1k@dot.gov,19649 Scofield Drive,417-451-0777
58,Evaleen,ephilbrick1l@exblog.jp,1 Southridge Alley,868-256-3080
59,Krissy,kgiannazzi1m@webmd.com,1 Hovde Point,864-735-1234
60,Ezequiel,eskelton1n@sphinn.com,685 Burning Wood Avenue,896-893-1380
61,Clari,cbellchamber1o@goo.gl,85 Farwell Place,812-137-0542
62,Nari,ndugget1p@cdc.gov,14 Gerald Pass,346-594-3350
63,Reube,rboss1q@360.cn,440 Waywood Way,504-604-3567
64,Francyne,fsammes1r@instagram.com,4 Manitowish Lane,178-769-7482
65,Lorita,lrisdall1s@thetimes.co.uk,0 Meadow Valley Trail,554-375-7530
66,Catrina,cdenisovich1t@ed.gov,72447 7th Parkway,693-127-4855
67,Almeria,arantoul1u@go.com,0 Michigan Junction,447-944-4781
68,Pattie,pateggart1v@nymag.com,86935 Alpine Road,397-519-7735
69,Pierre,psinderson1w@ifeng.com,108 Rigney Pass,675-523-6825
70,Nomi,nhardbattle1x@w3.org,532 Bashford Crossing,624-236-2711
71,Libby,lgoodred1y@goodreads.com,78833 Buhler Junction,666-420-3832
72,Kennett,kcaurah1z@independent.co.uk,34999 Claremont Plaza,679-820-5420
73,Kariotta,kkubiczek20@globo.com,44106 Marcy Court,645-837-2482
74,Alexei,awhitsun21@comcast.net,3 Ruskin Alley,960-593-3854
75,Andrew,acheccuzzi22@plala.or.jp,87854 Reinke Terrace,628-814-4967
76,Gustave,gbaguley23@shutterfly.com,37777 Crescent Oaks Lane,684-313-9774
77,Lalo,ldomel24@bing.com,58 Grasskamp Parkway,287-959-5655
78,Salli,swethered25@sun.com,2 Mitchell Alley,325-145-1314
79,Anselm,aammer26@csmonitor.com,807 Clemons Junction,301-279-3267
80,Nelle,nzettler27@loc.gov,0 Crowley Hill,678-510-1002
81,Dewie,ddimatteo28@unesco.org,51 Pierstorff Street,862-999-1143
82,Mireille,mgerhardt29@tripod.com,496 Melody Road,977-554-7308
83,Polly,pcarlett2a@zimbio.com,70396 Maple Parkway,642-207-7039
84,Sibel,sshapcott2b@flickr.com,854 Lake View Way,506-540-1356
85,Boote,breuss2c@uol.com.br,900 Talmadge Trail,643-313-5521
86,Chastity,cgail2d@clickbank.net,0 Lake View Hill,338-669-1687
87,Catarina,cdegnen2e@narod.ru,890 Mccormick Street,945-910-2390
88,Christina,cmasdon2f@histats.com,0672 Fulton Park,582-358-1186
89,Bobine,bclaybourne2g@fema.gov,52 Burrows Drive,523-964-7595
90,Chelsey,cmatovic2h@slideshare.net,8 Rieder Point,860-180-4571
91,Corliss,cvarty2i@jimdo.com,7599 Sloan Junction,318-625-9730
92,Giacomo,gwyborn2j@moonfruit.com,4246 Birchwood Junction,125-121-5056
93,Ganny,gbrumbie2k@redcross.org,32 Kensington Circle,522-615-5820
94,Amy,apeck2l@go.com,29 Monument Pass,778-958-0626
95,Gillie,gdamsell2m@wsj.com,8382 Anzinger Crossing,610-822-9471
96,Desmund,dlegrand2n@eventbrite.com,2 Doe Crossing Parkway,816-765-4642
97,Deva,dmewe2o@163.com,57 Everett Crossing,111-129-0039
98,Emory,educham2p@nymag.com,92 Sunnyside Point,672-712-3003
99,Aymer,adinesen2q@symantec.com,353 Westridge Park,960-229-4373
100,Joelly,jplumbley2r@barnesandnoble.com,62 Charing Cross Point,243-254-4319
